id_region;nom_region;pays;ville;code_postal;created_at;updated_at
REG01;Centre-Ville Tanger;Maroc;Tanger;90000;2026/01/02 02:26:14.000000000;2026/01/02 02:26:14.000000000
REG02;Quartier Charf Tanger;Maroc;Tanger;90000;2026/01/02 02:26:14.000000000;2026/01/02 02:26:14.000000000
REG03;Quartier Mgharza Tanger;Maroc;Tanger;90000;2026/01/02 02:26:14.000000000;2026/01/02 02:26:14.000000000
REG04;Quartier Ben Diab Tanger;Maroc;Tanger;90000;2026/01/02 02:26:14.000000000;2026/01/02 02:26:14.000000000
REG05;Centre-Ville Tétouan;Maroc;Tétouan;93000;2026/01/02 02:26:14.000000000;2026/01/02 02:26:14.000000000
REG06;Quartier Moulay Mehdi Tétouan;Maroc;Tétouan;93000;2026/01/02 02:26:14.000000000;2026/01/02 02:26:14.000000000
REG07;Quartier Sidi Mandri Tétouan;Maroc;Tétouan;93000;2026/01/02 02:26:14.000000000;2026/01/02 02:26:14.000000000
REG08;Quartier Oued Laou Tétouan;Maroc;Tétouan;93000;2026/01/02 02:26:14.000000000;2026/01/02 02:26:14.000000000
